ymd,time,gt-mal[hour-1],cl-mal[cells*m-2],bio-mal[uL*m-2],gt-XM[hour-1],cl-XM[cells*m-2],bio-XM[uL*m-2],gt-XMD[hour-1],cl-XMD[cells*m-2],bio-XMD[uL*m-2],gt-XMDF[hour-1],cl-XMDF[cells*m-2],bio-XMDF[uL*m-2]
20140101,120000,1.000000,706.7465,3.5761369E-03,1.000000,706.7462,3.5761357E-03,0.0000000E+00,694.0000,3.5116400E-03,0.0000000E+00,694.0000,3.5116400E-03
20140102,120000,2.000000,719.7270,3.6418187E-03,2.000000,719.7264,3.6418159E-03,0.0000000E+00,694.0000,3.5116400E-03,0.0000000E+00,694.0000,3.5116400E-03
20140103,120000,3.000000,732.9459,3.7087065E-03,3.000000,732.9451,3.7087023E-03,0.0000000E+00,694.0000,3.5116400E-03,0.0000000E+00,694.0000,3.5116400E-03
20140104,120000,4.000000,746.4077,3.7768229E-03,4.000000,746.4066,3.7768173E-03,0.0000000E+00,694.0000,3.5116400E-03,0.0000000E+00,694.0000,3.5116400E-03
20140105,120000,5.000000,760.1167,3.8461904E-03,5.000000,760.1152,3.8461832E-03,0.0000000E+00,694.0000,3.5116400E-03,0.0000000E+00,694.0000,3.5116400E-03
20140106,120000,6.000000,774.0775,3.9168322E-03,6.000000,774.0757,3.9168228E-03,0.0000000E+00,694.0000,3.5116400E-03,0.0000000E+00,694.0000,3.5116400E-03
20140107,120000,7.000000,788.2947,3.9887712E-03,7.000000,788.2925,3.9887601E-03,0.0000000E+00,694.0000,3.5116400E-03,0.0000000E+00,694.0000,3.5116400E-03
20140108,120000,8.000000,802.7730,4.0620314E-03,8.000000,802.7705,4.0620188E-03,0.0000000E+00,694.0000,3.5116400E-03,0.0000000E+00,694.0000,3.5116400E-03
20140109,120000,9.000000,817.5172,4.1366373E-03,9.000000,817.5143,4.1366224E-03,0.0000000E+00,694.0000,3.5116400E-03,0.0000000E+00,694.0000,3.5116400E-03
20140110,120000,10.00000,832.5322,4.2126132E-03,10.00000,832.5289,4.2125965E-03,0.0000000E+00,694.0000,3.5116400E-03,0.0000000E+00,694.0000,3.5116400E-03
20140111,120000,11.00000,847.8231,4.2899847E-03,11.00000,847.8193,4.2899656E-03,0.0000000E+00,694.0000,3.5116400E-03,0.0000000E+00,694.0000,3.5116400E-03
20140112,120000,12.00000,863.3947,4.3687774E-03,12.00000,863.3906,4.3687560E-03,0.0000000E+00,694.0000,3.5116400E-03,0.0000000E+00,694.0000,3.5116400E-03
20140113,120000,13.00000,879.2524,4.4490169E-03,13.00000,879.2477,4.4489936E-03,0.0000000E+00,694.0000,3.5116400E-03,0.0000000E+00,694.0000,3.5116400E-03
20140114,120000,14.00000,895.4012,4.5307302E-03,14.00000,895.3961,4.5307041E-03,0.0000000E+00,694.0000,3.5116400E-03,0.0000000E+00,694.0000,3.5116400E-03
20140115,120000,15.00000,911.8467,4.6139448E-03,15.00000,911.8411,4.6139159E-03,0.0000000E+00,694.0000,3.5116400E-03,0.0000000E+00,694.0000,3.5116400E-03
20140116,120000,16.00000,928.5943,4.6986872E-03,16.00000,928.5881,4.6986556E-03,0.0000000E+00,694.0000,3.5116400E-03,0.0000000E+00,694.0000,3.5116400E-03
20140117,120000,17.00000,945.6495,4.7849864E-03,17.00000,945.6427,4.7849519E-03,0.0000000E+00,694.0000,3.5116400E-03,0.0000000E+00,694.0000,3.5116400E-03
20140118,120000,18.00000,963.0179,4.8728702E-03,18.00000,963.0104,4.8728329E-03,0.0000000E+00,694.0000,3.5116400E-03,0.0000000E+00,694.0000,3.5116400E-03
20140119,120000,19.00000,980.7053,4.9623684E-03,19.00000,980.6972,4.9623279E-03,0.0000000E+00,694.0000,3.5116400E-03,0.0000000E+00,694.0000,3.5116400E-03
20140120,120000,20.00000,998.7175,5.0535104E-03,20.00000,998.7088,5.0534667E-03,0.0000000E+00,694.0000,3.5116400E-03,0.0000000E+00,694.0000,3.5116400E-03
20140121,120000,21.00000,1017.061,5.1463265E-03,21.00000,1017.051,5.1462790E-03,0.0000000E+00,694.0000,3.5116400E-03,0.0000000E+00,694.0000,3.5116400E-03
20140122,120000,22.00000,1035.741,5.2408474E-03,22.00000,1035.730,5.2407961E-03,0.0000000E+00,694.0000,3.5116400E-03,0.0000000E+00,694.0000,3.5116400E-03
20140123,120000,23.00000,1054.764,5.3371037E-03,23.00000,1054.753,5.3370488E-03,0.0000000E+00,694.0000,3.5116400E-03,0.0000000E+00,694.0000,3.5116400E-03
20140124,120000,24.00000,1074.136,5.4351287E-03,24.00000,1074.124,5.4350696E-03,0.0000000E+00,694.0000,3.5116400E-03,0.0000000E+00,694.0000,3.5116400E-03
20140125,120000,25.00000,1093.864,5.5349534E-03,25.00000,1093.852,5.5348901E-03,0.0000000E+00,694.0000,3.5116400E-03,0.0000000E+00,694.0000,3.5116400E-03
20140126,120000,26.00000,1113.955,5.6366120E-03,26.00000,1113.942,5.6365444E-03,0.0000000E+00,694.0000,3.5116400E-03,0.0000000E+00,694.0000,3.5116400E-03
20140127,120000,27.00000,1134.415,5.7401373E-03,27.00000,1134.400,5.7400651E-03,0.0000000E+00,694.0000,3.5116400E-03,0.0000000E+00,694.0000,3.5116400E-03
20140128,120000,28.00000,1155.250,5.8455644E-03,28.00000,1155.235,5.8454876E-03,0.0000000E+00,694.0000,3.5116400E-03,0.0000000E+00,694.0000,3.5116400E-03
20140129,120000,29.00000,1176.468,5.9529277E-03,29.00000,1176.452,5.9528458E-03,0.0000000E+00,694.0000,3.5116400E-03,0.0000000E+00,694.0000,3.5116400E-03
20140130,120000,30.00000,1198.076,6.0622632E-03,30.00000,1198.058,6.0621756E-03,0.0000000E+00,694.0000,3.5116400E-03,0.0000000E+00,694.0000,3.5116400E-03
20140131,120000,31.00000,1220.080,6.1736065E-03,31.00000,1220.062,6.1735134E-03,0.0000000E+00,694.0000,3.5116400E-03,0.0000000E+00,694.0000,3.5116400E-03
20140201,120000,32.00000,1242.489,6.2869946E-03,32.00000,1242.470,6.2868963E-03,0.0000000E+00,694.0000,3.5116400E-03,0.0000000E+00,694.0000,3.5116400E-03
20140202,120000,33.00000,1265.309,6.4024655E-03,33.00000,1265.289,6.4023612E-03,0.0000000E+00,694.0000,3.5116400E-03,0.0000000E+00,694.0000,3.5116400E-03
20140203,120000,34.00000,1288.549,6.5200571E-03,34.00000,1288.527,6.5199467E-03,0.0000000E+00,694.0000,3.5116400E-03,0.0000000E+00,694.0000,3.5116400E-03
20140204,120000,35.00000,1312.215,6.6398089E-03,35.00000,1312.192,6.6396915E-03,0.0000000E+00,694.0000,3.5116400E-03,0.0000000E+00,694.0000,3.5116400E-03
20140205,120000,36.00000,1336.316,6.7617595E-03,36.00000,1336.292,6.7616357E-03,0.0000000E+00,694.0000,3.5116400E-03,0.0000000E+00,694.0000,3.5116400E-03
20140206,120000,37.00000,1360.860,6.8859505E-03,37.00000,1360.834,6.8858191E-03,0.0000000E+00,694.0000,3.5116400E-03,0.0000000E+00,694.0000,3.5116400E-03
20140207,120000,38.00000,1385.854,7.0124222E-03,38.00000,1385.827,7.0122834E-03,0.0000000E+00,694.0000,3.5116400E-03,0.0000000E+00,694.0000,3.5116400E-03
20140208,120000,39.00000,1411.308,7.1412167E-03,39.00000,1411.279,7.1410704E-03,0.0000000E+00,694.0000,3.5116400E-03,0.0000000E+00,694.0000,3.5116400E-03
20140209,120000,40.00000,1437.229,7.2723767E-03,40.00000,1437.198,7.2722225E-03,0.0000000E+00,694.0000,3.5116400E-03,0.0000000E+00,694.0000,3.5116400E-03
20140210,120000,41.00000,1463.626,7.4059460E-03,41.00000,1463.594,7.4057830E-03,0.0000000E+00,694.0000,3.5116400E-03,0.0000000E+00,694.0000,3.5116400E-03
20140211,120000,42.00000,1490.508,7.5419680E-03,42.00000,1490.474,7.5417967E-03,0.0000000E+00,694.0000,3.5116400E-03,0.0000000E+00,694.0000,3.5116400E-03
20140212,120000,43.00000,1517.883,7.6804888E-03,43.00000,1517.847,7.6803076E-03,0.0000000E+00,694.0000,3.5116400E-03,0.0000000E+00,694.0000,3.5116400E-03
20140213,120000,44.00000,1545.761,7.8215534E-03,44.00000,1545.724,7.8213634E-03,0.0000000E+00,694.0000,3.5116400E-03,0.0000000E+00,694.0000,3.5116400E-03
20140214,120000,45.00000,1574.152,7.9652090E-03,45.00000,1574.112,7.9650087E-03,0.0000000E+00,694.0000,3.5116400E-03,0.0000000E+00,694.0000,3.5116400E-03
20140215,120000,46.00000,1603.064,8.1115030E-03,46.00000,1603.022,8.1112925E-03,0.0000000E+00,694.0000,3.5116400E-03,0.0000000E+00,694.0000,3.5116400E-03
20140216,120000,47.00000,1632.507,8.2604839E-03,47.00000,1632.463,8.2602622E-03,1.000000,706.7462,3.5761357E-03,1.000000,706.7462,3.5761357E-03
20140217,120000,48.00000,1662.490,8.4122010E-03,48.00000,1662.444,8.4119681E-03,2.000000,719.7264,3.6418159E-03,2.000000,719.7264,3.6418159E-03
20140218,120000,49.00000,1693.025,8.5667046E-03,49.00000,1692.976,8.5664606E-03,3.000000,732.9451,3.7087023E-03,3.000000,732.9451,3.7087023E-03
20140219,120000,50.00000,1724.120,8.7240459E-03,50.00000,1724.069,8.7237898E-03,4.000000,746.4066,3.7768173E-03,4.000000,746.4066,3.7768173E-03
20140220,120000,51.00000,1755.786,8.8842781E-03,51.00000,1755.733,8.8840080E-03,5.000000,760.1152,3.8461832E-03,5.000000,760.1152,3.8461832E-03
20140221,120000,52.00000,1788.034,9.0474524E-03,52.00000,1787.978,9.0471692E-03,6.000000,774.0757,3.9168228E-03,6.000000,774.0757,3.9168228E-03
20140222,120000,53.00000,1820.874,9.2136236E-03,53.00000,1820.816,9.2133265E-03,7.000000,788.2925,3.9887601E-03,7.000000,788.2925,3.9887601E-03
20140223,120000,54.00000,1854.318,9.3828468E-03,54.00000,1854.256,9.3825357E-03,8.000000,802.7705,4.0620188E-03,8.000000,802.7705,4.0620188E-03
20140224,120000,55.00000,1888.375,9.5551778E-03,55.00000,1888.311,9.5548518E-03,9.000000,817.5143,4.1366224E-03,9.000000,817.5143,4.1366224E-03
20140225,120000,56.00000,1923.058,9.7306743E-03,56.00000,1922.991,9.7303325E-03,10.00000,832.5289,4.2125965E-03,10.00000,832.5289,4.2125965E-03
20140226,120000,57.00000,1958.378,9.9093933E-03,57.00000,1958.307,9.9090356E-03,11.00000,847.8193,4.2899656E-03,11.00000,847.8193,4.2899656E-03
20140227,120000,58.00000,1994.347,1.0091396E-02,58.00000,1994.273,1.0091021E-02,12.00000,863.3906,4.3687560E-03,12.00000,863.3906,4.3687560E-03
20140228,120000,59.00000,2030.976,1.0276740E-02,59.00000,2030.899,1.0276348E-02,13.00000,879.2477,4.4489936E-03,13.00000,879.2477,4.4489936E-03
20140301,120000,60.00000,2068.279,1.0465490E-02,60.00000,2068.198,1.0465079E-02,14.00000,895.3961,4.5307041E-03,14.00000,895.3961,4.5307041E-03
20140302,120000,61.00000,2106.266,1.0657705E-02,61.00000,2106.181,1.0657276E-02,15.00000,911.8411,4.6139159E-03,15.00000,911.8411,4.6139159E-03
20140303,120000,62.00000,2144.951,1.0853452E-02,62.00000,2144.862,1.0853002E-02,16.00000,928.5881,4.6986556E-03,16.00000,928.5881,4.6986556E-03
20140304,120000,63.00000,2184.346,1.1052793E-02,63.00000,2184.253,1.1052323E-02,17.00000,945.6427,4.7849519E-03,16.70607,940.5976,4.7594239E-03
20140305,120000,64.00000,2224.466,1.1255796E-02,64.00000,2224.368,1.1255303E-02,18.00000,963.0104,4.8728329E-03,17.32079,951.1797,4.8129694E-03
20140306,120000,65.00000,2265.322,1.1462526E-02,65.00000,2265.220,1.1462012E-02,19.00000,980.6972,4.9623279E-03,18.32079,968.6492,4.9013649E-03
20140307,120000,66.00000,2306.928,1.1673055E-02,66.00000,2306.822,1.1672516E-02,20.00000,998.7088,5.0534667E-03,19.32079,986.4395,4.9913842E-03
20140308,120000,67.00000,2349.298,1.1887450E-02,67.00000,2349.187,1.1886887E-02,21.00000,1017.051,5.1462790E-03,20.32079,1004.557,5.0830562E-03
20140309,120000,68.00000,2392.447,1.2105782E-02,68.00000,2392.331,1.2105194E-02,22.00000,1035.730,5.2407961E-03,21.32079,1023.006,5.1764119E-03
20140310,120000,69.00000,2436.388,1.2328124E-02,69.00000,2436.267,1.2327511E-02,23.00000,1054.753,5.3370488E-03,22.32079,1041.795,5.2714827E-03
20140311,120000,70.00000,2481.136,1.2554551E-02,70.00000,2481.010,1.2553909E-02,24.00000,1074.124,5.4350696E-03,23.32079,1060.929,5.3682989E-03
20140312,120000,71.00000,2526.707,1.2785135E-02,71.00000,2526.574,1.2784465E-02,25.00000,1093.852,5.5348901E-03,24.32079,1080.414,5.4668933E-03
20140313,120000,72.00000,2573.114,1.3019955E-02,72.00000,2572.975,1.3019255E-02,26.00000,1113.942,5.6365444E-03,25.32079,1100.257,5.5672987E-03
20140314,120000,73.00000,2620.373,1.3259088E-02,73.00000,2620.229,1.3258358E-02,27.00000,1134.400,5.7400651E-03,26.32079,1120.464,5.6695482E-03
20140315,120000,74.00000,2668.500,1.3502612E-02,74.00000,2668.350,1.3501851E-02,28.00000,1155.235,5.8454876E-03,27.32079,1141.042,5.7736752E-03
20140316,120000,75.00000,2717.512,1.3750610E-02,75.00000,2717.355,1.3749815E-02,29.00000,1176.452,5.9528458E-03,28.32079,1161.999,5.8797146E-03
20140317,120000,76.00000,2767.423,1.4003162E-02,76.00000,2767.259,1.4002332E-02,30.00000,1198.058,6.0621756E-03,29.32079,1183.340,5.9877015E-03
20140318,120000,77.00000,2818.251,1.4260353E-02,77.00000,2818.081,1.4259487E-02,31.00000,1220.062,6.1735134E-03,30.32079,1205.073,6.0976716E-03
20140319,120000,78.00000,2870.013,1.4522268E-02,78.00000,2869.835,1.4521365E-02,32.00000,1242.470,6.2868963E-03,31.32079,1227.206,6.2096613E-03
20140320,120000,79.00000,2922.726,1.4788993E-02,79.00000,2922.540,1.4788051E-02,33.00000,1265.289,6.4023612E-03,32.32079,1249.745,6.3237078E-03
20140321,120000,80.00000,2976.406,1.5060617E-02,80.00000,2976.212,1.5059634E-02,34.00000,1288.527,6.5199467E-03,33.32079,1272.697,6.4398488E-03
20140322,120000,81.00000,3031.073,1.5337230E-02,81.00000,3030.871,1.5336205E-02,35.00000,1312.192,6.6396915E-03,34.32079,1296.072,6.5581226E-03
20140323,120000,82.00000,3086.744,1.5618922E-02,82.00000,3086.532,1.5617855E-02,36.00000,1336.292,6.7616357E-03,35.32079,1319.875,6.6785687E-03
20140324,120000,83.00000,3143.437,1.5905790E-02,83.00000,3143.217,1.5904676E-02,37.00000,1360.834,6.8858191E-03,36.32079,1344.116,6.8012266E-03
20140325,120000,84.00000,3201.171,1.6197925E-02,84.00000,3200.942,1.6196765E-02,38.00000,1385.827,7.0122834E-03,37.32079,1368.802,6.9261375E-03
20140326,120000,85.00000,3259.966,1.6495427E-02,85.00000,3259.727,1.6494216E-02,39.00000,1411.279,7.1410704E-03,38.32079,1393.941,7.0533422E-03
20140327,120000,86.00000,3319.840,1.6798392E-02,86.00000,3319.591,1.6797131E-02,40.00000,1437.198,7.2722225E-03,39.32079,1419.542,7.1828831E-03
20140328,120000,87.00000,3380.815,1.7106922E-02,87.00000,3380.555,1.7105609E-02,41.00000,1463.594,7.4057830E-03,40.32079,1445.613,7.3148031E-03
20140329,120000,88.00000,3442.909,1.7421119E-02,88.00000,3442.638,1.7419750E-02,42.00000,1490.474,7.5417967E-03,41.32079,1472.163,7.4491459E-03
20140330,120000,89.00000,3506.143,1.7741086E-02,89.00000,3505.862,1.7739661E-02,43.00000,1517.847,7.6803076E-03,41.99043,1490.214,7.5404835E-03
20140331,120000,90.00000,3570.539,1.8066930E-02,90.00000,3570.246,1.8065445E-02,44.00000,1545.724,7.8213634E-03,42.18616,1495.532,7.5673913E-03
20140401,120000,91.00000,3636.118,1.8398758E-02,91.00000,3635.812,1.8397212E-02,45.00000,1574.112,7.9650087E-03,43.18616,1522.999,7.7063725E-03
20140402,120000,92.00000,3702.901,1.8736681E-02,92.00000,3702.583,1.8735070E-02,46.00000,1603.022,8.1112925E-03,44.18616,1550.970,7.8479061E-03
20140403,120000,93.00000,3770.911,1.9080810E-02,93.00000,3770.580,1.9079134E-02,47.00000,1632.463,8.2602622E-03,45.18616,1579.454,7.9920394E-03
20140404,120000,94.00000,3840.170,1.9431261E-02,94.00000,3839.825,1.9429514E-02,48.00000,1662.444,8.4119681E-03,46.18616,1608.462,8.1388196E-03
20140405,120000,95.00000,3910.701,1.9788148E-02,95.00000,3910.342,1.9786330E-02,49.00000,1692.976,8.5664606E-03,47.18616,1638.003,8.2882950E-03
20140406,120000,96.00000,3982.528,2.0151589E-02,96.00000,3982.153,2.0149697E-02,50.00000,1724.069,8.7237898E-03,48.18616,1668.086,8.4405160E-03
20140407,120000,97.00000,4055.673,2.0521706E-02,97.00000,4055.284,2.0519735E-02,51.00000,1755.733,8.8840080E-03,49.18616,1698.722,8.5955327E-03
20140408,120000,98.00000,4130.162,2.0898622E-02,98.00000,4129.757,2.0896569E-02,52.00000,1787.978,9.0471692E-03,50.18616,1729.920,8.7533956E-03
20140409,120000,99.00000,4206.020,2.1282459E-02,99.00000,4205.597,2.1280322E-02,53.00000,1820.816,9.2133265E-03,51.18616,1761.691,8.9141577E-03
20140410,120000,100.0000,4283.270,2.1673344E-02,100.0000,4282.831,2.1671122E-02,54.00000,1854.256,9.3825357E-03,52.18616,1794.046,9.0778721E-03
20140411,120000,101.0000,4361.939,2.2071412E-02,101.0000,4361.482,2.2069098E-02,55.00000,1888.311,9.5548518E-03,53.18616,1826.995,9.2445938E-03
20140412,120000,102.0000,4442.053,2.2476789E-02,102.0000,4441.578,2.2474382E-02,56.00000,1922.991,9.7303325E-03,54.18616,1860.549,9.4143767E-03
20140413,120000,103.0000,4523.639,2.2889612E-02,103.0000,4523.144,2.2887107E-02,57.00000,1958.307,9.9090356E-03,55.18616,1894.719,9.5872777E-03
20140414,120000,104.0000,4606.723,2.3310017E-02,104.0000,4606.208,2.3307411E-02,58.00000,1994.273,1.0091021E-02,56.18616,1929.517,9.7633535E-03
20140415,120000,105.0000,4691.333,2.3738142E-02,105.0000,4690.797,2.3735432E-02,59.00000,2030.899,1.0276348E-02,55.21270,1895.634,9.5919082E-03
20140416,120000,106.0000,4777.497,2.4174133E-02,106.0000,4776.939,2.4171313E-02,60.00000,2068.198,1.0465079E-02,56.21270,1930.449,9.7680697E-03
20140417,120000,107.0000,4865.243,2.4618130E-02,107.0000,4864.663,2.4615197E-02,61.00000,2106.181,1.0657276E-02,57.21270,1965.902,9.9474667E-03
20140418,120000,108.0000,4954.601,2.5070282E-02,108.0000,4953.998,2.5067231E-02,62.00000,2144.862,1.0853002E-02,58.21270,2002.007,1.0130158E-02
20140419,120000,109.0000,5045.601,2.5530739E-02,109.0000,5044.973,2.5527565E-02,63.00000,2184.253,1.1052323E-02,59.21270,2038.775,1.0316203E-02
20140420,120000,110.0000,5138.271,2.5999652E-02,110.0000,5137.619,2.5996352E-02,64.00000,2224.368,1.1255303E-02,60.21270,2076.219,1.0505666E-02
20140421,120000,111.0000,5232.644,2.6477179E-02,111.0000,5231.965,2.6473746E-02,65.00000,2265.220,1.1462012E-02,61.21270,2114.349,1.0698608E-02
20140422,120000,112.0000,5328.750,2.6963474E-02,112.0000,5328.044,2.6959905E-02,66.00000,2306.822,1.1672516E-02,62.21270,2153.180,1.0895093E-02
20140423,120000,113.0000,5426.621,2.7458703E-02,113.0000,5425.888,2.7454991E-02,67.00000,2349.187,1.1886887E-02,63.21270,2192.725,1.1095187E-02
20140424,120000,114.0000,5526.290,2.7963027E-02,114.0000,5525.527,2.7959166E-02,68.00000,2392.331,1.2105194E-02,64.21269,2232.995,1.1298955E-02
20140425,120000,115.0000,5627.789,2.8476613E-02,115.0000,5626.996,2.8472601E-02,69.00000,2436.267,1.2327511E-02,65.21269,2274.005,1.1506465E-02
20140426,120000,116.0000,5731.153,2.8999632E-02,116.0000,5730.328,2.8995460E-02,70.00000,2481.010,1.2553909E-02,66.21269,2315.768,1.1717786E-02
20140427,120000,117.0000,5836.415,2.9532257E-02,117.0000,5835.557,2.9527919E-02,71.00000,2526.574,1.2784465E-02,67.21269,2358.298,1.1932988E-02
20140428,120000,118.0000,5943.610,3.0074667E-02,118.0000,5942.719,3.0070156E-02,72.00000,2572.975,1.3019255E-02,68.21269,2401.609,1.2152142E-02
20140429,120000,119.0000,6052.774,3.0627036E-02,119.0000,6051.848,3.0622348E-02,73.00000,2620.229,1.3258358E-02,69.21269,2445.715,1.2375320E-02
20140430,120000,120.0000,6163.943,3.1189552E-02,120.0000,6162.980,3.1184679E-02,74.00000,2668.350,1.3501851E-02,70.21269,2490.632,1.2602597E-02
20140501,120000,121.0000,6277.154,3.1762399E-02,121.0000,6276.153,3.1757332E-02,75.00000,2717.355,1.3749815E-02,71.11517,2531.875,1.2811288E-02
20140502,120000,122.0000,6392.444,3.2345768E-02,122.0000,6391.403,3.2340501E-02,76.00000,2767.259,1.4002332E-02,72.02042,2573.932,1.3024095E-02
20140503,120000,123.0000,6509.852,3.2939851E-02,123.0000,6508.770,3.2934379E-02,77.00000,2818.081,1.4259487E-02,73.02042,2621.203,1.3263286E-02
20140504,120000,124.0000,6629.416,3.3544842E-02,124.0000,6628.292,3.3539157E-02,78.00000,2869.835,1.4521365E-02,74.02042,2669.342,1.3506869E-02
20140505,120000,125.0000,6751.176,3.4160949E-02,125.0000,6750.008,3.4155037E-02,79.00000,2922.540,1.4788051E-02,75.02042,2718.365,1.3754926E-02
20140506,120000,126.0000,6875.172,3.4788370E-02,126.0000,6873.958,3.4782227E-02,80.00000,2976.212,1.5059634E-02,76.02042,2768.288,1.4007537E-02
20140507,120000,127.0000,7001.446,3.5427317E-02,127.0000,7000.185,3.5420932E-02,81.00000,3030.871,1.5336205E-02,77.02042,2819.128,1.4264788E-02
20140508,120000,128.0000,7130.039,3.6077995E-02,128.0000,7128.728,3.6071364E-02,82.00000,3086.532,1.5617855E-02,78.02042,2870.902,1.4526762E-02
20140509,120000,129.0000,7260.994,3.6740627E-02,129.0000,7259.631,3.6733735E-02,83.00000,3143.217,1.5904676E-02,79.02042,2923.626,1.4793548E-02
20140510,120000,130.0000,7394.354,3.7415430E-02,130.0000,7392.938,3.7408266E-02,84.00000,3200.942,1.6196765E-02,80.02042,2977.319,1.5065232E-02
20140511,120000,131.0000,7530.163,3.8102623E-02,131.0000,7528.692,3.8095184E-02,85.00000,3259.727,1.6494216E-02,81.02042,3031.997,1.5341906E-02
20140512,120000,132.0000,7668.467,3.8802441E-02,132.0000,7666.939,3.8794711E-02,86.00000,3319.591,1.6797131E-02,82.02042,3087.680,1.5623660E-02
20140513,120000,133.0000,7809.311,3.9515112E-02,133.0000,7807.723,3.9507080E-02,87.00000,3380.555,1.7105609E-02,82.93753,3139.645,1.5886605E-02
20140514,120000,134.0000,7952.741,4.0240869E-02,134.0000,7951.092,4.0232528E-02,88.00000,3442.638,1.7419750E-02,83.93753,3197.305,1.6178362E-02
20140515,120000,135.0000,8098.806,4.0979959E-02,135.0000,8097.093,4.0971290E-02,89.00000,3505.862,1.7739661E-02,84.81209,3248.598,1.6437909E-02
20140516,120000,136.0000,8247.554,4.1732624E-02,136.0000,8245.774,4.1723620E-02,90.00000,3570.246,1.8065445E-02,85.48923,3288.878,1.6641725E-02
20140517,120000,137.0000,8399.034,4.2499110E-02,137.0000,8397.186,4.2489756E-02,91.00000,3635.812,1.8397212E-02,86.14227,3328.197,1.6840676E-02
20140518,120000,138.0000,8553.296,4.3279678E-02,138.0000,8551.376,4.3269962E-02,92.00000,3702.583,1.8735070E-02,86.89567,3374.143,1.7073162E-02
20140519,120000,139.0000,8710.391,4.4074580E-02,139.0000,8708.396,4.4064485E-02,93.00000,3770.580,1.9079134E-02,87.89567,3436.108,1.7386708E-02
20140520,120000,140.0000,8870.371,4.4884078E-02,140.0000,8868.300,4.4873595E-02,94.00000,3839.825,1.9429514E-02,88.89567,3499.212,1.7706010E-02
20140521,120000,141.0000,9033.290,4.5708448E-02,141.0000,9031.139,4.5697562E-02,95.00000,3910.342,1.9786330E-02,89.89567,3563.474,1.8031178E-02
20140522,120000,142.0000,9199.201,4.6547960E-02,142.0000,9196.967,4.6536651E-02,96.00000,3982.153,2.0149697E-02,90.83599,3624.977,1.8342385E-02
20140523,120000,143.0000,9368.160,4.7402889E-02,143.0000,9365.839,4.7391143E-02,97.00000,4055.284,2.0519735E-02,91.83599,3691.549,1.8679237E-02
20140524,120000,144.0000,9540.222,4.8273519E-02,144.0000,9537.811,4.8261322E-02,98.00000,4129.757,2.0896569E-02,92.83599,3759.343,1.9022275E-02
20140525,120000,145.0000,9715.443,4.9160141E-02,145.0000,9712.939,4.9147472E-02,99.00000,4205.597,2.1280322E-02,93.83599,3828.382,1.9371612E-02
20140526,120000,146.0000,9893.883,5.0063048E-02,146.0000,9891.283,5.0049894E-02,100.0000,4282.831,2.1671122E-02,94.80614,3896.571,1.9716650E-02
20140527,120000,147.0000,10075.60,5.0982539E-02,147.0000,10072.90,5.0968874E-02,101.0000,4361.482,2.2069098E-02,95.66402,3957.880,2.0026874E-02
20140528,120000,148.0000,10260.66,5.1918913E-02,148.0000,10257.85,5.1904727E-02,102.0000,4441.578,2.2474382E-02,96.60558,4026.281,2.0372981E-02
20140529,120000,149.0000,10449.11,5.2872490E-02,149.0000,10446.20,5.2857757E-02,103.0000,4523.144,2.2887107E-02,97.42874,4087.048,2.0680461E-02
20140530,120000,150.0000,10641.02,5.3843580E-02,150.0000,10638.00,5.3828280E-02,104.0000,4606.208,2.3307411E-02,98.17558,4142.973,2.0963443E-02
20140531,120000,151.0000,10836.46,5.4832503E-02,151.0000,10833.32,5.4816619E-02,105.0000,4690.797,2.3735432E-02,98.64566,4178.566,2.1143544E-02
20140601,120000,152.0000,11035.49,5.5839594E-02,152.0000,11032.23,5.5823099E-02,106.0000,4776.939,2.4171313E-02,99.44689,4239.938,2.1454088E-02
20140602,120000,153.0000,11238.18,5.6865178E-02,153.0000,11234.79,5.6848053E-02,107.0000,4864.663,2.4615197E-02,100.4028,4314.336,2.1830540E-02
20140603,120000,154.0000,11444.58,5.7909600E-02,154.0000,11441.07,5.7891816E-02,108.0000,4953.998,2.5067231E-02,101.4028,4393.566,2.2231443E-02
20140604,120000,155.0000,11654.78,5.8973204E-02,155.0000,11651.13,5.8954742E-02,109.0000,5044.973,2.5527565E-02,102.4028,4474.250,2.2639709E-02
20140605,120000,156.0000,11868.84,6.0056344E-02,156.0000,11865.05,6.0037173E-02,110.0000,5137.619,2.5996352E-02,103.4028,4556.417,2.3055470E-02
20140606,120000,157.0000,12086.83,6.1159376E-02,157.0000,12082.90,6.1139476E-02,111.0000,5231.965,2.6473746E-02,104.2805,4629.782,2.3426695E-02
20140607,120000,158.0000,12308.83,6.2282667E-02,158.0000,12304.74,6.2262006E-02,112.0000,5328.044,2.6959905E-02,104.9465,4686.232,2.3712333E-02
20140608,120000,159.0000,12534.90,6.3426591E-02,159.0000,12530.66,6.3405141E-02,113.0000,5425.888,2.7454991E-02,105.6761,4748.870,2.4029281E-02
20140609,120000,160.0000,12765.12,6.4591520E-02,160.0000,12760.72,6.4569250E-02,114.0000,5525.527,2.7959166E-02,106.6675,4835.321,2.4466723E-02
20140610,120000,161.0000,12999.58,6.5777853E-02,161.0000,12995.01,6.5754734E-02,115.0000,5626.996,2.8472601E-02,107.4229,4902.248,2.4805376E-02
20140611,120000,162.0000,13238.33,6.6985965E-02,162.0000,13233.59,6.6961966E-02,116.0000,5730.328,2.8995460E-02,108.3804,4988.408,2.5241343E-02
20140612,120000,163.0000,13481.48,6.8216272E-02,163.0000,13476.55,6.8191357E-02,117.0000,5835.557,2.9527919E-02,109.3734,5079.374,2.5701631E-02
20140613,120000,164.0000,13729.09,6.9469176E-02,164.0000,13723.98,6.9443315E-02,118.0000,5942.719,3.0070156E-02,110.3734,5172.651,2.6173614E-02
20140614,120000,165.0000,13981.24,7.0745096E-02,165.0000,13975.94,7.0718244E-02,119.0000,6051.848,3.0622348E-02,111.2781,5258.510,2.6608061E-02
20140615,120000,166.0000,14238.03,7.2044440E-02,166.0000,14232.52,7.2016574E-02,120.0000,6162.980,3.1184679E-02,110.9259,5224.914,2.6438061E-02
20140616,120000,167.0000,14499.54,7.3367655E-02,167.0000,14493.82,7.3338725E-02,121.0000,6276.153,3.1757332E-02,111.8514,5313.656,2.6887098E-02
20140617,120000,168.0000,14765.84,7.4715175E-02,168.0000,14759.91,7.4685141E-02,122.0000,6391.403,3.2340501E-02,112.8514,5411.234,2.7380846E-02
20140618,120000,169.0000,15037.04,7.6087438E-02,169.0000,15030.88,7.6056272E-02,123.0000,6508.770,3.2934379E-02,113.8280,5508.258,2.7871784E-02
20140619,120000,170.0000,15313.22,7.7484906E-02,170.0000,15306.83,7.7452555E-02,124.0000,6628.292,3.3539157E-02,114.6102,5587.227,2.8271370E-02
20140620,120000,171.0000,15594.47,7.8908041E-02,171.0000,15587.84,7.8874461E-02,125.0000,6750.008,3.4155037E-02,115.4972,5678.137,2.8731374E-02
20140621,120000,172.0000,15880.89,8.0357321E-02,172.0000,15874.00,8.0322467E-02,126.0000,6873.958,3.4782227E-02,116.4893,5781.575,2.9254768E-02
20140622,120000,173.0000,16172.57,8.1833214E-02,173.0000,16165.42,8.1797034E-02,127.0000,7000.185,3.5420932E-02,117.4800,5886.751,2.9786959E-02
20140623,120000,174.0000,16469.61,8.3336212E-02,174.0000,16462.19,8.3298668E-02,128.0000,7128.728,3.6071364E-02,118.4660,5993.330,3.0326249E-02
20140624,120000,175.0000,16772.10,8.4866814E-02,175.0000,16764.40,8.4827848E-02,129.0000,7259.631,3.6733735E-02,119.4553,6102.194,3.0877102E-02
20140625,120000,176.0000,17080.14,8.6425535E-02,176.0000,17072.15,8.6385094E-02,130.0000,7392.938,3.7408266E-02,120.4553,6214.251,3.1444110E-02
20140626,120000,177.0000,17393.85,8.8012882E-02,177.0000,17385.55,8.7970905E-02,131.0000,7528.692,3.8095184E-02,121.4401,6326.613,3.2012660E-02
20140627,120000,178.0000,17713.32,8.9629382E-02,178.0000,17704.71,8.9585818E-02,132.0000,7666.939,3.8794711E-02,122.4401,6442.790,3.2600518E-02
20140628,120000,179.0000,18038.65,9.1275573E-02,179.0000,18029.71,9.1230363E-02,133.0000,7807.723,3.9507080E-02,123.4401,6561.100,3.3199165E-02
20140629,120000,180.0000,18369.96,9.2951991E-02,180.0000,18360.69,9.2905074E-02,134.0000,7951.092,4.0232528E-02,124.4401,6681.582,3.3808805E-02
20140630,120000,181.0000,18707.35,9.4659209E-02,181.0000,18697.73,9.4610512E-02,135.0000,8097.093,4.0971290E-02,125.4401,6804.276,3.4429640E-02
20140701,120000,182.0000,19050.95,9.6397780E-02,182.0000,19040.96,9.6347250E-02,136.0000,8245.774,4.1723620E-02,126.4401,6929.224,3.5061870E-02
20140702,120000,183.0000,19400.85,9.8168284E-02,183.0000,19390.48,9.8115839E-02,137.0000,8397.186,4.2489756E-02,127.4401,7056.464,3.5705708E-02
20140703,120000,184.0000,19757.17,9.9971302E-02,184.0000,19746.42,9.9916883E-02,138.0000,8551.376,4.3269962E-02,128.4401,7186.041,3.6361367E-02
20140704,120000,185.0000,20120.05,0.1018074,185.0000,20108.89,0.1017510,139.0000,8708.396,4.4064485E-02,129.4401,7317.997,3.7029065E-02
20140705,120000,186.0000,20489.58,0.1036773,186.0000,20478.00,0.1036187,140.0000,8868.300,4.4873595E-02,130.4401,7452.375,3.7709020E-02
20140706,120000,187.0000,20865.91,0.1055815,187.0000,20853.89,0.1055207,141.0000,9031.139,4.5697562E-02,131.4401,7589.221,3.8401455E-02
20140707,120000,188.0000,21249.14,0.1075207,188.0000,21236.67,0.1074576,142.0000,9196.967,4.6536651E-02,132.4401,7728.578,3.9106604E-02
20140708,120000,189.0000,21639.42,0.1094955,189.0000,21626.48,0.1094300,143.0000,9365.839,4.7391143E-02,133.4401,7870.494,3.9824702E-02
20140709,120000,190.0000,22036.86,0.1115065,190.0000,22023.43,0.1114386,144.0000,9537.811,4.8261322E-02,134.4401,8015.016,4.0555980E-02
20140710,120000,191.0000,22441.61,0.1135545,191.0000,22427.67,0.1134840,145.0000,9712.939,4.9147472E-02,135.4401,8162.190,4.1300680E-02
20140711,120000,192.0000,22853.78,0.1156401,192.0000,22839.32,0.1155670,146.0000,9891.283,5.0049894E-02,136.4401,8312.066,4.2059056E-02
20140712,120000,193.0000,23273.53,0.1177641,193.0000,23258.53,0.1176881,147.0000,10072.90,5.0968874E-02,137.4401,8464.694,4.2831350E-02
20140713,120000,194.0000,23700.99,0.1199270,194.0000,23685.42,0.1198482,148.0000,10257.85,5.1904727E-02,138.4401,8620.124,4.3617826E-02
20140714,120000,195.0000,24136.29,0.1221296,195.0000,24120.14,0.1220479,149.0000,10446.20,5.2857757E-02,139.4401,8778.406,4.4418737E-02
20140715,120000,196.0000,24579.60,0.1243728,196.0000,24562.83,0.1242879,150.0000,10638.00,5.3828280E-02,140.4401,8939.595,4.5234352E-02
20140716,120000,197.0000,25031.04,0.1266571,197.0000,25013.65,0.1265691,151.0000,10833.32,5.4816619E-02,141.3000,9080.564,4.5947656E-02
20140717,120000,198.0000,25490.78,0.1289833,198.0000,25472.73,0.1288920,152.0000,11032.23,5.5823099E-02,142.2675,9241.842,4.6763722E-02
20140718,120000,199.0000,25958.96,0.1313523,199.0000,25940.23,0.1312576,153.0000,11234.79,5.6848053E-02,143.2516,9408.815,4.7608607E-02
20140719,120000,200.0000,26435.73,0.1337648,200.0000,26416.31,0.1336665,154.0000,11441.07,5.7891816E-02,144.2516,9581.577,4.8482779E-02
20140720,120000,201.0000,26921.27,0.1362216,201.0000,26901.11,0.1361196,155.0000,11651.13,5.8954742E-02,145.2347,9754.506,4.9357802E-02
20140721,120000,202.0000,27415.72,0.1387236,202.0000,27394.81,0.1386177,156.0000,11865.05,6.0037173E-02,146.2347,9933.613,5.0264083E-02
20140722,120000,203.0000,27919.26,0.1412714,203.0000,27897.56,0.1411616,157.0000,12082.90,6.1139476E-02,147.2347,10116.01,5.1186997E-02
20140723,120000,204.0000,28432.04,0.1438661,204.0000,28409.53,0.1437522,158.0000,12304.74,6.2262006E-02,148.2347,10301.75,5.2126851E-02
20140724,120000,205.0000,28954.24,0.1465085,205.0000,28930.88,0.1463903,159.0000,12530.66,6.3405141E-02,149.1496,10474.68,5.3001858E-02
20140725,120000,206.0000,29486.03,0.1491993,206.0000,29461.80,0.1490767,160.0000,12760.72,6.4569250E-02,150.1496,10667.00,5.3975027E-02
20140726,120000,207.0000,30027.59,0.1519396,207.0000,30002.45,0.1518124,161.0000,12995.01,6.5754734E-02,151.1496,10862.86,5.4966059E-02
20140727,120000,208.0000,30579.10,0.1547302,208.0000,30553.01,0.1545982,162.0000,13233.59,6.6961966E-02,152.1496,11062.31,5.5975281E-02
20140728,120000,209.0000,31140.73,0.1575721,209.0000,31113.67,0.1574351,163.0000,13476.55,6.8191357E-02,153.0704,11249.18,5.6920864E-02
20140729,120000,210.0000,31712.68,0.1604662,210.0000,31684.60,0.1603241,164.0000,13723.98,6.9443315E-02,153.8224,11404.15,5.7705019E-02
20140730,120000,211.0000,32295.14,0.1634134,211.0000,32266.01,0.1632660,165.0000,13975.94,7.0718244E-02,154.8224,11613.54,5.8764514E-02
20140731,120000,212.0000,32888.29,0.1664148,212.0000,32858.07,0.1662618,166.0000,14232.52,7.2016574E-02,155.8224,11826.77,5.9843455E-02
20140801,120000,213.0000,33492.34,0.1694712,213.0000,33460.98,0.1693126,167.0000,14493.82,7.3338725E-02,156.7556,12029.30,6.0868245E-02
20140802,120000,214.0000,34107.48,0.1725838,214.0000,34074.95,0.1724192,168.0000,14759.91,7.4685141E-02,157.7556,12250.16,6.1985798E-02
20140803,120000,215.0000,34733.92,0.1757536,215.0000,34700.17,0.1755829,169.0000,15030.88,7.6056272E-02,158.7556,12475.07,6.3123867E-02
20140804,120000,216.0000,35371.86,0.1789816,216.0000,35336.85,0.1788045,170.0000,15306.83,7.7452555E-02,159.7556,12704.11,6.4282812E-02
20140805,120000,217.0000,36021.52,0.1822689,217.0000,35985.20,0.1820851,171.0000,15587.84,7.8874461E-02,160.7556,12937.36,6.5463036E-02
20140806,120000,218.0000,36683.12,0.1856166,218.0000,36645.44,0.1854259,172.0000,15874.00,8.0322467E-02,161.7556,13174.89,6.6664919E-02
20140807,120000,219.0000,37356.86,0.1890257,219.0000,37317.77,0.1888279,173.0000,16165.42,8.1797034E-02,162.7556,13416.77,6.7888863E-02
20140808,120000,220.0000,38042.98,0.1924975,220.0000,38002.43,0.1922923,174.0000,16462.19,8.3298668E-02,163.7556,13663.10,6.9135264E-02
20140809,120000,221.0000,38741.71,0.1960330,221.0000,38699.64,0.1958202,175.0000,16764.40,8.4827848E-02,164.7556,13913.94,7.0404537E-02
20140810,120000,222.0000,39453.26,0.1996335,222.0000,39409.62,0.1994127,176.0000,17072.15,8.6385094E-02,165.6368,14138.80,7.1542315E-02
20140811,120000,223.0000,40177.88,0.2033001,223.0000,40132.61,0.2030710,177.0000,17385.55,8.7970905E-02,165.9764,14226.41,7.1985625E-02
20140812,120000,224.0000,40915.82,0.2070340,224.0000,40868.85,0.2067964,178.0000,17704.71,8.9585818E-02,166.5249,14369.10,7.2707638E-02
20140813,120000,225.0000,41667.30,0.2108365,225.0000,41618.58,0.2105900,179.0000,18029.71,9.1230363E-02,167.2645,14563.74,7.3692501E-02
20140814,120000,226.0000,42432.59,0.2147089,226.0000,42382.05,0.2144532,180.0000,18360.69,9.2905074E-02,168.1883,14810.56,7.4941449E-02
20140815,120000,227.0000,43211.93,0.2186524,227.0000,43159.50,0.2183871,181.0000,18697.73,9.4610512E-02,169.1883,15082.47,7.6317273E-02
20140816,120000,228.0000,44005.59,0.2226683,228.0000,43951.20,0.2223931,182.0000,19040.96,9.6347250E-02,170.1839,15358.11,7.7712052E-02
20140817,120000,229.0000,44813.82,0.2267580,229.0000,44757.41,0.2264725,183.0000,19390.48,9.8115839E-02,170.8867,15555.75,7.8712091E-02
20140818,120000,230.0000,45636.90,0.2309227,230.0000,45578.38,0.2306266,184.0000,19746.42,9.9916883E-02,171.8867,15841.33,8.0157116E-02
20140819,120000,231.0000,46475.10,0.2351640,231.0000,46414.39,0.2348568,185.0000,20108.89,0.1017510,172.8867,16132.14,8.1628650E-02
20140820,120000,232.0000,47328.69,0.2394832,232.0000,47265.71,0.2391645,186.0000,20478.00,0.1036187,173.8867,16428.30,8.3127193E-02
20140821,120000,233.0000,48197.96,0.2438817,233.0000,48132.63,0.2435511,187.0000,20853.89,0.1055207,174.7085,16675.75,8.4379278E-02
20140822,120000,234.0000,49083.19,0.2483610,234.0000,49015.43,0.2480181,188.0000,21236.67,0.1074576,175.4734,16909.39,8.5561514E-02
20140823,120000,235.0000,49984.69,0.2529225,235.0000,49914.39,0.2525668,189.0000,21626.48,0.1094300,176.4734,17219.80,8.7132215E-02
20140824,120000,236.0000,50902.74,0.2575679,236.0000,50829.82,0.2571989,190.0000,22023.43,0.1114386,177.4734,17535.92,8.8731743E-02
20140825,120000,237.0000,51837.65,0.2622985,237.0000,51762.01,0.2619158,191.0000,22427.67,0.1134840,178.4451,17848.64,9.0314113E-02
20140826,120000,238.0000,52789.73,0.2671160,238.0000,52711.27,0.2667190,192.0000,22839.32,0.1155670,179.2899,18125.05,9.1712750E-02
20140827,120000,239.0000,53759.30,0.2720221,239.0000,53677.92,0.2716103,193.0000,23258.53,0.1176881,180.2202,18434.39,9.3277998E-02
20140828,120000,240.0000,54746.68,0.2770182,240.0000,54662.26,0.2765910,194.0000,23685.42,0.1198482,180.4524,18512.41,9.3672805E-02
20140829,120000,241.0000,55752.19,0.2821061,241.0000,55664.62,0.2816630,195.0000,24120.14,0.1220479,181.4031,18835.33,9.5306762E-02
20140830,120000,242.0000,56776.17,0.2872874,242.0000,56685.34,0.2868278,196.0000,24562.83,0.1242879,182.4031,19181.08,9.7056270E-02
20140831,120000,243.0000,57818.96,0.2925639,243.0000,57724.74,0.2920872,197.0000,25013.65,0.1265691,183.4031,19533.18,9.8837867E-02
20140901,120000,244.0000,58880.89,0.2979373,244.0000,58783.17,0.2974428,198.0000,25472.73,0.1288920,184.4031,19891.73,0.1006522
20140902,120000,245.0000,59962.34,0.3034094,245.0000,59860.97,0.3028965,199.0000,25940.23,0.1312576,185.4031,20256.86,0.1024997
20140903,120000,246.0000,61063.64,0.3089820,246.0000,60958.50,0.3084500,200.0000,26416.31,0.1336665,186.4031,20628.69,0.1043812
20140904,120000,247.0000,62185.18,0.3146570,247.0000,62076.12,0.3141052,201.0000,26901.11,0.1361196,187.4031,21007.35,0.1062972
20140905,120000,248.0000,63327.31,0.3204362,248.0000,63214.19,0.3198638,202.0000,27394.81,0.1386177,188.4031,21392.95,0.1082483
20140906,120000,249.0000,64490.42,0.3263215,249.0000,64373.08,0.3257278,203.0000,27897.56,0.1411616,189.4031,21785.62,0.1102352
20140907,120000,250.0000,65674.89,0.3323149,250.0000,65553.19,0.3316991,204.0000,28409.53,0.1437522,190.4031,22185.49,0.1122586
20140908,120000,251.0000,66881.12,0.3384185,251.0000,66754.88,0.3377797,205.0000,28930.88,0.1463903,191.4031,22592.70,0.1143191
20140909,120000,252.0000,68109.50,0.3446341,252.0000,67978.56,0.3439715,206.0000,29461.80,0.1490767,192.4031,23007.38,0.1164173
20140910,120000,253.0000,69360.44,0.3509638,253.0000,69224.62,0.3502766,207.0000,30002.45,0.1518124,191.7894,22751.99,0.1151251
20140911,120000,254.0000,70634.36,0.3574099,254.0000,70493.49,0.3566971,208.0000,30553.01,0.1545982,192.3094,22968.23,0.1162192
20140912,120000,255.0000,71931.67,0.3639743,255.0000,71785.56,0.3632349,209.0000,31113.67,0.1574351,193.0468,23278.33,0.1177884
20140913,120000,256.0000,73252.81,0.3706592,256.0000,73101.27,0.3698924,210.0000,31684.60,0.1603241,193.7403,23573.79,0.1192834
20140914,120000,257.0000,74598.22,0.3774670,257.0000,74441.04,0.3766716,211.0000,32266.01,0.1632660,194.6627,23972.63,0.1213015
20140915,120000,258.0000,75968.34,0.3843998,258.0000,75805.30,0.3835748,212.0000,32858.07,0.1662618,195.6627,24412.62,0.1235278
20140916,120000,259.0000,77363.62,0.3914599,259.0000,77194.52,0.3906043,213.0000,33460.98,0.1693126,196.4529,24765.98,0.1253159
20140917,120000,260.0000,78784.53,0.3986497,260.0000,78609.14,0.3977623,214.0000,34074.95,0.1724192,195.7817,24465.49,0.1237954
20140918,120000,261.0000,80231.54,0.4059716,261.0000,80049.62,0.4050511,215.0000,34700.17,0.1755829,196.5109,24792.12,0.1254482
20140919,120000,262.0000,81705.12,0.4134279,262.0000,81516.45,0.4124732,216.0000,35336.85,0.1788045,197.5109,25247.14,0.1277505
20140920,120000,263.0000,83205.77,0.4210212,263.0000,83010.08,0.4200310,217.0000,35985.20,0.1820851,198.5109,25710.51,0.1300952
20140921,120000,264.0000,84733.98,0.4287539,264.0000,84531.01,0.4277269,218.0000,36645.44,0.1854259,199.5109,26182.37,0.1324828
20140922,120000,265.0000,86290.26,0.4366287,265.0000,86079.74,0.4355635,219.0000,37317.77,0.1888279,200.5109,26662.89,0.1349142
20140923,120000,266.0000,87875.12,0.4446481,266.0000,87656.77,0.4435433,220.0000,38002.43,0.1922923,201.3400,27067.96,0.1369639
20140924,120000,267.0000,89489.09,0.4528148,267.0000,89262.62,0.4516689,221.0000,38699.64,0.1958202,202.3400,27564.71,0.1394774
20140925,120000,268.0000,91132.70,0.4611315,268.0000,90897.82,0.4599430,222.0000,39409.62,0.1994127,203.3400,28070.58,0.1420371
20140926,120000,269.0000,92806.50,0.4696009,269.0000,92562.89,0.4683682,223.0000,40132.61,0.2030710,204.3400,28585.72,0.1446437
20140927,120000,270.0000,94511.04,0.4782259,270.0000,94258.38,0.4769474,224.0000,40868.85,0.2067964,205.3400,29110.31,0.1472981
20140928,120000,271.0000,96246.89,0.4870093,271.0000,95984.84,0.4856833,225.0000,41618.58,0.2105900,206.3400,29644.51,0.1500012
20140929,120000,272.0000,98014.62,0.4959540,272.0000,97742.84,0.4945788,226.0000,42382.05,0.2144532,207.3400,30188.51,0.1527539
20140930,120000,273.0000,99814.82,0.5050630,273.0000,99532.95,0.5036367,227.0000,43159.50,0.2183871,208.3400,30742.49,0.1555570
20141001,120000,274.0000,101648.1,0.5143393,274.0000,101355.7,0.5128600,228.0000,43951.20,0.2223931,209.3400,31306.62,0.1584115
20141002,120000,275.0000,103515.0,0.5237860,275.0000,103211.8,0.5222517,229.0000,44757.41,0.2264725,210.3400,31881.09,0.1613183
20141003,120000,276.0000,105416.2,0.5334061,276.0000,105101.8,0.5318149,230.0000,45578.38,0.2306266,211.3400,32466.10,0.1642784
20141004,120000,277.0000,107352.4,0.5432031,277.0000,107026.2,0.5415527,231.0000,46414.39,0.2348568,212.3400,33061.82,0.1672928
20141005,120000,278.0000,109324.1,0.5531799,278.0000,108985.8,0.5514683,232.0000,47265.71,0.2391645,213.3400,33668.47,0.1703625
20141006,120000,279.0000,111332.0,0.5633399,279.0000,110981.2,0.5615647,233.0000,48132.63,0.2435511,214.3400,34286.25,0.1734884
20141007,120000,280.0000,113376.8,0.5736865,280.0000,113012.9,0.5718455,234.0000,49015.43,0.2480181,215.3400,34915.34,0.1766716
20141008,120000,281.0000,115459.1,0.5842232,281.0000,115081.8,0.5823138,235.0000,49914.39,0.2525668,216.3400,35555.96,0.1799132
20141009,120000,282.0000,117579.7,0.5949535,282.0000,117188.4,0.5929732,236.0000,50829.82,0.2571989,217.3400,36208.33,0.1832142
20141010,120000,283.0000,119739.3,0.6058807,283.0000,119333.4,0.6038269,237.0000,51762.01,0.2619158,218.3400,36872.66,0.1865757
20141011,120000,284.0000,121938.5,0.6170087,284.0000,121517.5,0.6148787,238.0000,52711.27,0.2667190,218.6558,37084.98,0.1876500
20141012,120000,285.0000,124178.1,0.6283411,285.0000,123741.5,0.6261320,239.0000,53677.92,0.2716103,219.6558,37765.37,0.1910928
20141013,120000,286.0000,126458.8,0.6398816,286.0000,126006.0,0.6375906,240.0000,54662.26,0.2765910,220.6558,38458.23,0.1945986
20141014,120000,287.0000,128781.4,0.6516341,287.0000,128311.9,0.6492580,241.0000,55664.62,0.2816630,221.6558,39163.79,0.1981688
20141015,120000,288.0000,131146.7,0.6636024,288.0000,130659.7,0.6611382,242.0000,56685.34,0.2868278,222.6558,39882.27,0.2018043
20141016,120000,289.0000,133555.4,0.6757905,289.0000,133050.4,0.6732349,243.0000,57724.74,0.2920872,223.6558,40613.93,0.2055065
20141017,120000,290.0000,136008.4,0.6882025,290.0000,135484.6,0.6855521,244.0000,58783.17,0.2974428,224.6558,41358.98,0.2092765
20141018,120000,291.0000,138506.4,0.7008425,291.0000,137963.2,0.6980938,245.0000,59860.97,0.3028965,225.6558,42117.70,0.2131155
20141019,120000,292.0000,141050.3,0.7137146,292.0000,140486.9,0.7108639,246.0000,60958.50,0.3084500,226.6558,42890.31,0.2170250
20141020,120000,293.0000,143640.9,0.7268232,293.0000,143056.7,0.7238667,247.0000,62076.12,0.3141052,227.6558,43677.07,0.2210060
20141021,120000,294.0000,146279.1,0.7401724,294.0000,145673.2,0.7371064,248.0000,63214.19,0.3198638,228.6558,44478.26,0.2250600
20141022,120000,295.0000,148965.8,0.7537669,295.0000,148337.4,0.7505872,249.0000,64373.08,0.3257278,229.5823,45233.63,0.2288822
20141023,120000,296.0000,151701.8,0.7676110,296.0000,151050.1,0.7643134,250.0000,65553.19,0.3316991,230.4898,45985.98,0.2326890
20141024,120000,297.0000,154488.0,0.7817095,297.0000,153812.2,0.7782896,251.0000,66754.88,0.3377797,231.4898,46829.45,0.2369570
20141025,120000,298.0000,157325.5,0.7960668,298.0000,156624.5,0.7925202,252.0000,67978.56,0.3439715,232.4898,47688.38,0.2413032
20141026,120000,299.0000,160215.0,0.8106879,299.0000,159488.1,0.8070098,252.0000,67978.56,0.3439715,232.4898,47688.38,0.2413032
20141027,120000,300.0000,163157.6,0.8255775,300.0000,162403.8,0.8217630,252.0000,67978.56,0.3439715,232.4898,47688.38,0.2413032
20141028,120000,301.0000,166154.3,0.8407406,301.0000,165372.5,0.8367847,252.0000,67978.56,0.3439715,232.4898,47688.38,0.2413032
20141029,120000,302.0000,169206.0,0.8561822,302.0000,168395.2,0.8520797,252.0000,67978.56,0.3439715,231.8485,47135.72,0.2385067
20141030,120000,303.0000,172313.7,0.8719074,303.0000,171472.9,0.8676529,252.0000,67978.56,0.3439715,229.5452,45203.18,0.2287281
20141031,120000,304.0000,175478.5,0.8879213,304.0000,174606.6,0.8835092,252.0000,67978.56,0.3439715,228.8984,44674.86,0.2260548
20141101,120000,305.0000,178701.5,0.9042295,305.0000,177797.2,0.8996539,252.0000,67978.56,0.3439715,228.8984,44674.86,0.2260548
20141102,120000,306.0000,181983.6,0.9208371,306.0000,181045.9,0.9160920,252.0000,67978.56,0.3439715,228.8984,44674.86,0.2260548
20141103,120000,307.0000,185326.0,0.9377498,307.0000,184353.5,0.9328289,252.0000,67978.56,0.3439715,228.2339,44138.46,0.2233406
20141104,120000,308.0000,188729.9,0.9549731,308.0000,187721.3,0.9498700,252.0000,67978.56,0.3439715,227.7044,43715.68,0.2212013
20141105,120000,309.0000,192196.2,0.9725127,309.0000,191150.3,0.9672206,252.0000,67978.56,0.3439715,227.7044,43715.68,0.2212013
20141106,120000,310.0000,195726.2,0.9903745,310.0000,194641.6,0.9848864,252.0000,67978.56,0.3439715,227.7044,43715.68,0.2212013
20141107,120000,311.0000,199321.0,1.008564,311.0000,198196.2,1.002873,252.0000,67978.56,0.3439715,227.7044,43715.68,0.2212013
20141108,120000,312.0000,202981.9,1.027088,312.0000,201815.5,1.021186,252.0000,67978.56,0.3439715,227.7044,43715.68,0.2212013
20141109,120000,313.0000,206710.0,1.045952,313.0000,205500.4,1.039832,252.0000,67978.56,0.3439715,227.7044,43715.68,0.2212013
20141110,120000,314.0000,210506.5,1.065163,314.0000,209252.1,1.058816,252.0000,67978.56,0.3439715,227.7044,43715.68,0.2212013
20141111,120000,315.0000,214372.8,1.084726,315.0000,213072.0,1.078144,252.0000,67978.56,0.3439715,227.7044,43715.68,0.2212013
20141112,120000,316.0000,218310.1,1.104649,316.0000,216961.2,1.097824,252.0000,67978.56,0.3439715,227.7044,43715.68,0.2212013
20141113,120000,317.0000,222319.8,1.124938,317.0000,220920.8,1.117859,252.0000,67978.56,0.3439715,227.7044,43715.68,0.2212013
20141114,120000,318.0000,226403.0,1.145599,318.0000,224952.3,1.138259,252.0000,67978.56,0.3439715,227.7044,43715.68,0.2212013
20141115,120000,319.0000,230561.3,1.166640,319.0000,229056.9,1.159028,252.0000,67978.56,0.3439715,227.7044,43715.68,0.2212013
20141116,120000,320.0000,234795.9,1.188067,320.0000,233235.9,1.180174,252.0000,67978.56,0.3439715,227.3361,43423.99,0.2197254
20141117,120000,321.0000,239108.3,1.209888,321.0000,237490.6,1.201702,252.0000,67978.56,0.3439715,227.2950,43391.60,0.2195615
20141118,120000,322.0000,243499.9,1.232110,322.0000,241822.3,1.223621,252.0000,67978.56,0.3439715,226.2201,42551.93,0.2153128
20141119,120000,323.0000,247972.2,1.254739,323.0000,246232.5,1.245937,252.0000,67978.56,0.3439715,226.1320,42483.86,0.2149683
20141120,120000,324.0000,252526.6,1.277785,324.0000,250722.6,1.268656,252.0000,67978.56,0.3439715,226.1320,42483.86,0.2149683
20141121,120000,325.0000,257164.7,1.301253,325.0000,255294.0,1.291787,252.0000,67978.56,0.3439715,225.8310,42252.04,0.2137953
20141122,120000,326.0000,261887.9,1.325153,326.0000,259948.0,1.315337,252.0000,67978.56,0.3439715,225.7344,42177.92,0.2134203
20141123,120000,327.0000,266697.9,1.349492,327.0000,264686.3,1.339313,252.0000,67978.56,0.3439715,225.7344,42177.92,0.2134203
20141124,120000,328.0000,271596.3,1.374277,328.0000,269510.2,1.363722,252.0000,67978.56,0.3439715,225.7344,42177.92,0.2134203
20141125,120000,329.0000,276584.6,1.399518,329.0000,274421.4,1.388572,252.0000,67978.56,0.3439715,225.7344,42177.92,0.2134203
20141126,120000,330.0000,281664.5,1.425222,330.0000,279421.4,1.413872,252.0000,67978.56,0.3439715,225.7344,42177.92,0.2134203
20141127,120000,331.0000,286837.8,1.451399,331.0000,284511.7,1.439629,252.0000,67978.56,0.3439715,225.7344,42177.92,0.2134203
20141128,120000,332.0000,292106.0,1.478056,332.0000,289694.0,1.465852,252.0000,67978.56,0.3439715,225.6892,42143.29,0.2132450
20141129,120000,333.0000,297471.0,1.505203,333.0000,294969.8,1.492547,252.0000,67978.56,0.3439715,225.6892,42143.29,0.2132450
20141130,120000,334.0000,302934.5,1.532849,334.0000,300340.9,1.519725,252.0000,67978.56,0.3439715,225.6892,42143.29,0.2132450
20141201,120000,335.0000,308498.4,1.561002,335.0000,305809.0,1.547394,252.0000,67978.56,0.3439715,225.6892,42143.29,0.2132450
20141202,120000,336.0000,314164.5,1.589672,336.0000,311375.7,1.575561,252.0000,67978.56,0.3439715,225.6892,42143.29,0.2132450
20141203,120000,337.0000,319934.6,1.618869,337.0000,317042.8,1.604237,252.0000,67978.56,0.3439715,225.6892,42143.29,0.2132450
20141204,120000,338.0000,325810.8,1.648602,338.0000,322812.1,1.633429,252.0000,67978.56,0.3439715,225.6892,42143.29,0.2132450
20141205,120000,339.0000,331794.8,1.678882,339.0000,328685.4,1.663148,252.0000,67978.56,0.3439715,225.6892,42143.29,0.2132450
20141206,120000,340.0000,337888.8,1.709717,340.0000,334664.5,1.693403,252.0000,67978.56,0.3439715,225.6892,42143.29,0.2132450
20141207,120000,341.0000,344094.6,1.741119,341.0000,340751.3,1.724202,252.0000,67978.56,0.3439715,225.6892,42143.29,0.2132450
20141208,120000,342.0000,350414.5,1.773097,342.0000,346947.8,1.755556,252.0000,67978.56,0.3439715,225.6892,42143.29,0.2132450
20141209,120000,343.0000,356850.4,1.805663,343.0000,353255.7,1.787474,252.0000,67978.56,0.3439715,225.6892,42143.29,0.2132450
20141210,120000,344.0000,363404.6,1.838827,344.0000,359677.2,1.819966,252.0000,67978.56,0.3439715,221.8408,39295.69,0.1988362
20141211,120000,345.0000,370079.1,1.872600,345.0000,366214.1,1.853043,252.0000,67978.56,0.3439715,221.8408,39295.69,0.1988362
20141212,120000,346.0000,376876.2,1.906993,346.0000,372868.6,1.886715,252.0000,67978.56,0.3439715,221.8408,39295.69,0.1988362
20141213,120000,347.0000,383798.1,1.942019,347.0000,379642.6,1.920992,252.0000,67978.56,0.3439715,221.8408,39295.69,0.1988362
20141214,120000,348.0000,390847.2,1.977687,348.0000,386538.4,1.955884,252.0000,67978.56,0.3439715,221.8408,39295.69,0.1988362
20141215,120000,349.0000,398025.8,2.014010,349.0000,393557.9,1.991403,252.0000,67978.56,0.3439715,221.8408,39295.69,0.1988362
20141216,120000,350.0000,405336.1,2.051001,350.0000,400703.5,2.027560,252.0000,67978.56,0.3439715,221.8408,39295.69,0.1988362
20141217,120000,351.0000,412780.8,2.088671,351.0000,407977.3,2.064365,252.0000,67978.56,0.3439715,221.8408,39295.69,0.1988362
20141218,120000,352.0000,420362.2,2.127033,352.0000,415381.5,2.101831,252.0000,67978.56,0.3439715,221.8408,39295.69,0.1988362
20141219,120000,353.0000,428082.8,2.166099,353.0000,422918.5,2.139968,252.0000,67978.56,0.3439715,221.8408,39295.69,0.1988362
20141220,120000,354.0000,435945.2,2.205883,354.0000,430590.5,2.178788,252.0000,67978.56,0.3439715,221.8408,39295.69,0.1988362
20141221,120000,355.0000,443952.1,2.246398,355.0000,438400.0,2.218304,252.0000,67978.56,0.3439715,221.8408,39295.69,0.1988362
20141222,120000,356.0000,452106.0,2.287656,356.0000,446349.2,2.258527,252.0000,67978.56,0.3439715,221.8408,39295.69,0.1988362
20141223,120000,357.0000,460409.7,2.329673,357.0000,454440.7,2.299470,252.0000,67978.56,0.3439715,221.8408,39295.69,0.1988362
20141224,120000,358.0000,468865.8,2.372461,358.0000,462676.9,2.341145,252.0000,67978.56,0.3439715,221.8408,39295.69,0.1988362
20141225,120000,359.0000,477477.3,2.416035,359.0000,471060.4,2.383565,252.0000,67978.56,0.3439715,221.8408,39295.69,0.1988362
20141226,120000,360.0000,486247.0,2.460410,360.0000,479593.6,2.426744,252.0000,67978.56,0.3439715,221.8408,39295.69,0.1988362
20141227,120000,361.0000,495177.7,2.505599,361.0000,488279.2,2.470693,252.0000,67978.56,0.3439715,221.8408,39295.69,0.1988362
20141228,120000,362.0000,504272.4,2.551619,362.0000,497119.9,2.515427,252.0000,67978.56,0.3439715,221.8408,39295.69,0.1988362
20141229,120000,363.0000,513534.2,2.598483,363.0000,506118.3,2.560959,252.0000,67978.56,0.3439715,221.8408,39295.69,0.1988362
20141230,120000,364.0000,522966.1,2.646209,364.0000,515277.1,2.607302,252.0000,67978.56,0.3439715,221.8408,39295.69,0.1988362
20141231,120000,365.0000,532571.2,2.694810,365.0000,524599.2,2.654472,252.0000,67978.56,0.3439715,221.8408,39295.69,0.1988362
